
	
	{"taskname":"VP TSQL Query",
	"urlparams":"user,password,server,query,queryoutput,tsqllocation",
	"actionlanguage":"perl",
	"actionfilename":"tsqlquery.pl",
	"taskdescription":"Synopsis:  Searches FreeTDS databases (MSSQL, ObjectServer, etc) and tables and brings back a value.  NOTE:  Must have freetds and freetds-devel installed.\\\n\\\nInput params: \\\nuser = string for the user credentials\\\npassword = string for the password credentials\\\nserver = server you are connecting to, configured in freetds.conf\\\ndatabase = database you are connecting to on the instance you are connecting to\\\nquery = database query\\\ntsqllocation = \\\nqueryoutput = File location you are going to write the results to for use later.  \\\nOutput param:  status\\\n\\\nOutput values:  OK,<error code>\\\n\\\nSample Params Config (fill in over on the left): \\\n{\\\n\"user\":\"user\",\\\n\"password\":\"pass\",\\\n\"server\":\"freetdsserver\",\\\n\"tssqllocation\":\"\/usr\/bin\/tsql\",\\\n\"query\":\"select * from sometable where somecolumn LIKE somevalue\",\\\n\"queryoutput\":\"\/var\/www\/html\/pilot\/tmp\/files\/someoutput.txt\"\\\n}",
	"tasktype":"Form",
	"datatype":"JSON",
	"fieldseparator":"",
	"recordseparator":"",
	"actioncodefile":"tsqlquery.pl",
	"libs":[{"module1":"JSON"}]
	}

