
	
	{"taskname":"NH Check A Website",
	"urlparams":"website",
	"actionlanguage":"perl",
	"actionfilename":"checkwebsite.pl",
	"taskdescription":"Synopsis:  Perform a check of a website.\\\n\\\nInput params:  website = url of a website to check.  Example https://www.virtuops.com \\\n \\\nOutput param:  status\\\nOutput values:  OK,BAD\\\n\\\nSample Params Config (fill in over on the left): \\\n{\\\n\"website\":\"http://www.virtuops.com\"\\\n}",
	"tasktype":"Form",
	"datatype":"JSON",
	"fieldseparator":"",
	"recordseparator":"",
	"actioncodefile":"checkwebsite.pl",
	"libs":[{"module1":"LWP::UserAgent"}]
	}

