
	
	{"taskname":"NH POP3 Read Email",
	"urlparams":"user,password,server,port,tlsssl,subjectregex,bodyregex",
	"actionlanguage":"perl",
	"actionfilename":"pop3reademail.pl",
	"taskdescription":"Synopsis:  Connect to POP3 server and read email, return data from the body.\\\n\\\nInput params: \\\nuser = string for the POP3 user credentials\\\npassword = string for the POP3 Password credentials\\\nserver = string for the IP or FQDN of the POP3 server (example:  pop3.gmail.com)\\\nport = Port for the POP3 server\\\ntlsssl = set to 1 to use tlsssl, 0 for no tlsssl\\\nbodyregex = string used to search the body of an email and return a value (example: \"The CPU is at (.*)%\" will capture the value in the parentheses and return that.\\\nsubjectregex = string used to search the subject to see if this is the right email (example: \"Subject: .*\"\\\nOutput param:  status\\\n\\\nOutput values:  No email yet, No matches, <value from body>\\\n\\\nSample Params Config (fill in over on the left): \\\n{\\\n\"user\":\"popuser\",\\\n\"password\":\"poppass\",\\\n\"server\":\"pop3.gmail.com\",\\\n\"port\":\"995\",\\\n\"tlsssl\":\"0\",\\\n\"subjectregex\":\"Subject: .*\",\\\n\"bodyregex\":\"The metric value is (.*) for node\"\\\n}",
	"tasktype":"Form",
	"datatype":"JSON",
	"fieldseparator":"",
	"recordseparator":"",
	"actioncodefile":"pop3reademail.pl",
	"libs":[{"module1":"Mail::POP3Client"},{"module2":"IO::Socket::SSL"}]
	}

